{
  "n_folds": 5,
  "fold_accuracies": [
    0.2,
    0.2,
    0.2,
    0.2,
    0.4
  ],
  "fold_aucs": [
    0.7083333333333334,
    0.875,
    0.9375,
    0.9166666666666667,
    0.8125
  ],
  "fold_f1s": [
    0.08333333333333333,
    0.08333333333333333,
    0.08333333333333333,
    0.08333333333333333,
    0.14285714285714285
  ],
  "mean_accuracy": 0.24000000000000005,
  "std_accuracy": 0.08,
  "mean_auc": 0.85,
  "std_auc": 0.08270597183866336,
  "mean_f1": 0.09523809523809523,
  "std_f1": 0.023809523809523808,
  "overall_accuracy": 0.24,
  "overall_auc": 0.5522138680033417,
  "overall_f1": 0.22632575757575757,
  "predictions": [
    3,
    3,
    3,
    3,
    3,
    1,
    1,
    1,
    1,
    1,
    2,
    2,
    2,
    2,
    2,
    0,
    0,
    0,
    0,
    0,
    3,
    3,
    3,
    3,
    3
  ],
  "labels": [
    0,
    0,
    1,
    2,
    3,
    0,
    0,
    1,
    2,
    3,
    0,
    1,
    1,
    2,
    3,
    0,
    1,
    2,
    2,
    3,
    0,
    1,
    2,
    3,
    3
  ],
  "probabilities": [
    [
      0.2633191645145416,
      0.21416215598583221,
      0.2453080713748932,
      0.27721062302589417
    ],
    [
      0.25878462195396423,
      0.21726995706558228,
      0.24611049890518188,
      0.2778348922729492
    ],
    [
      0.25842803716659546,
      0.2144690454006195,
      0.24531014263629913,
      0.2817927300930023
    ],
    [
      0.25893911719322205,
      0.2140902578830719,
      0.24637866020202637,
      0.2805919051170349
    ],
    [
      0.2583397626876831,
      0.21399235725402832,
      0.24714335799217224,
      0.28052452206611633
    ],
    [
      0.2387404441833496,
      0.2765430510044098,
      0.26344388723373413,
      0.22127266228199005
    ],
    [
      0.23867739737033844,
      0.2766977548599243,
      0.2634517550468445,
      0.22117315232753754
    ],
    [
      0.23842890560626984,
      0.276904433965683,
      0.26348838210105896,
      0.22117826342582703
    ],
    [
      0.23823361098766327,
      0.2769475281238556,
      0.26364728808403015,
      0.2211715131998062
    ],
    [
      0.2383221536874771,
      0.27685973048210144,
      0.2636356055736542,
      0.2211824655532837
    ],
    [
      0.2609786093235016,
      0.2154894918203354,
      0.27811071276664734,
      0.24542121589183807
    ],
    [
      0.25944212079048157,
      0.2175365388393402,
      0.2793242335319519,
      0.24369719624519348
    ],
    [
      0.2556432783603668,
      0.22051160037517548,
      0.2796519100666046,
      0.2441931515932083
    ],
    [
      0.2589212656021118,
      0.21629755198955536,
      0.27960512042045593,
      0.24517609179019928
    ],
    [
      0.2582094073295593,
      0.215391144156456,
      0.27947941422462463,
      0.24692009389400482
    ],
    [
      0.3149530589580536,
      0.2591366171836853,
      0.2108985036611557,
      0.2150118350982666
    ],
    [
      0.3024393618106842,
      0.2645148038864136,
      0.21156533062458038,
      0.22148047387599945
    ],
    [
      0.2994964122772217,
      0.26403677463531494,
      0.21457433700561523,
      0.22189240157604218
    ],
    [
      0.30029869079589844,
      0.264013409614563,
      0.2125703990459442,
      0.22311750054359436
    ],
    [
      0.30124855041503906,
      0.25958824157714844,
      0.21462854743003845,
      0.22453467547893524
    ],
    [
      0.2872166037559509,
      0.22200040519237518,
      0.19874176383018494,
      0.29204124212265015
    ],
    [
      0.2866899371147156,
      0.22217532992362976,
      0.1993720382452011,
      0.29176267981529236
    ],
    [
      0.2858685553073883,
      0.2218901365995407,
      0.20004382729530334,
      0.29219749569892883
    ],
    [
      0.28438764810562134,
      0.22262762486934662,
      0.2006457895040512,
      0.29233890771865845
    ],
    [
      0.28545066714286804,
      0.22166220843791962,
      0.20050528645515442,
      0.29238182306289673
    ]
  ],
  "uncertainty": [
    0.9972516298294067,
    0.996936559677124,
    0.9977072477340698,
    0.9974020719528198,
    0.9972853064537048,
    1.0017799139022827,
    1.0021960735321045,
    1.0022289752960205,
    1.001916527748108,
    1.0018442869186401,
    0.998316764831543,
    0.9983419179916382,
    0.998314380645752,
    0.9983334541320801,
    0.9984220862388611,
    0.9963277578353882,
    0.9960200190544128,
    0.9960682392120361,
    0.9960416555404663,
    0.9960880279541016,
    0.9936589598655701,
    0.9932311773300171,
    0.9931750297546387,
    0.992917001247406,
    0.9930812120437622
  ],
  "config": {
    "epochs": 100,
    "beta": 2.0,
    "lambda_vae": 0.1,
    "warmup_epochs": 20,
    "seed": 42
  }
}